name,email,password
Jo√£o Silva,joao.silva@teste.com,pwd123
Maria Santos,maria.santos@teste.com,pwd123
Pedro Oliveira,pedro.oliveira@teste.com,pwd123
Ana Costa,ana.costa@teste.com,pwd123
Carlos Pereira,carlos.pereira@teste.com,pwd123
Julia Ferreira,julia.ferreira@teste.com,pwd123
Ricardo Almeida,ricardo.almeida@teste.com,pwd123
Beatriz Lima,beatriz.lima@teste.com,pwd123
Fernando Souza,fernando.souza@teste.com,pwd123
Camila Rodrigues,camila.rodrigues@teste.com,pwd123
Lucas Martins,lucas.martins@teste.com,pwd123
Patricia Gomes,patricia.gomes@teste.com,pwd123
Rafael Dias,rafael.dias@teste.com,pwd123
Larissa Ribeiro,larissa.ribeiro@teste.com,pwd123
Thiago Carvalho,thiago.carvalho@teste.com,pwd123
Amanda Barbosa,amanda.barbosa@teste.com,pwd123
Rodrigo Alves,rodrigo.alves@teste.com,pwd123
Juliana Araujo,juliana.araujo@teste.com,pwd123
Gustavo Mendes,gustavo.mendes@teste.com,pwd123
Fernanda Castro,fernanda.castro@teste.com,pwd123
Bruno Azevedo,bruno.azevedo@teste.com,pwd123
Mariana Cunha,mariana.cunha@teste.com,pwd123
Diego Teixeira,diego.teixeira@teste.com,pwd123
Renata Moreira,renata.moreira@teste.com,pwd123
Marcelo Pinto,marcelo.pinto@teste.com,pwd123
Gabriela Freitas,gabriela.freitas@teste.com,pwd123
Vinicius Cardoso,vinicius.cardoso@teste.com,pwd123
Tatiana Monteiro,tatiana.monteiro@teste.com,pwd123
Leandro Cavalcanti,leandro.cavalcanti@teste.com,pwd123
Priscila Rocha,priscila.rocha@teste.com,pwd123
Eduardo Silva,eduardo.silva@teste.com,pwd123
Carolina Nunes,carolina.nunes@teste.com,pwd123
Felipe Santana,felipe.santana@teste.com,pwd123
Daniela Borges,daniela.borges@teste.com,pwd123
Fabio Moura,fabio.moura@teste.com,pwd123
Vanessa Ramos,vanessa.ramos@teste.com,pwd123
Igor Correia,igor.correia@teste.com,pwd123
Aline Soares,aline.soares@teste.com,pwd123
Matheus Batista,matheus.batista@teste.com,pwd123
Simone Lopes,simone.lopes@teste.com,pwd123
Alexandre Campos,alexandre.campos@teste.com,pwd123
Bianca Medeiros,bianca.medeiros@teste.com,pwd123
Henrique Tavares,henrique.tavares@teste.com,pwd123
Leticia Duarte,leticia.duarte@teste.com,pwd123
Sergio Fernandes,sergio.fernandes@teste.com,pwd123
Raquel Vieira,raquel.vieira@teste.com,pwd123
Marcos Fonseca,marcos.fonseca@teste.com,pwd123
Adriana Nascimento,adriana.nascimento@teste.com,pwd123
Pablo Reis,pablo.reis@teste.com,pwd123
Cristina Macedo,cristina.macedo@teste.com,pwd123
Robson Melo,robson.melo@teste.com,pwd123
Monica Silva,monica.silva@teste.com,pwd123
Wagner Santos,wagner.santos@teste.com,pwd123
Elaine Pereira,elaine.pereira@teste.com,pwd123
Anderson Costa,anderson.costa@teste.com,pwd123
Sabrina Oliveira,sabrina.oliveira@teste.com,pwd123
Claudio Lima,claudio.lima@teste.com,pwd123
Regina Martins,regina.martins@teste.com,pwd123
Renan Almeida,renan.almeida@teste.com,pwd123
Silvia Ferreira,silvia.ferreira@teste.com,pwd123
Milton Souza,milton.souza@teste.com,pwd123
Natalia Rodrigues,natalia.rodrigues@teste.com,pwd123
Luciano Gomes,luciano.gomes@teste.com,pwd123
Denise Dias,denise.dias@teste.com,pwd123
Emerson Ribeiro,emerson.ribeiro@teste.com,pwd123
Carla Carvalho,carla.carvalho@teste.com,pwd123
Nicolas Barbosa,nicolas.barbosa@teste.com,pwd123
Viviane Alves,viviane.alves@teste.com,pwd123
Samuel Araujo,samuel.araujo@teste.com,pwd123
Isabela Mendes,isabela.mendes@teste.com,pwd123
Otavio Castro,otavio.castro@teste.com,pwd123
Luciana Azevedo,luciana.azevedo@teste.com,pwd123
Cassio Cunha,cassio.cunha@teste.com,pwd123
Elisa Teixeira,elisa.teixeira@teste.com,pwd123
Mauricio Moreira,mauricio.moreira@teste.com,pwd123
Bruna Pinto,bruna.pinto@teste.com,pwd123
Caio Freitas,caio.freitas@teste.com,pwd123
Andreia Cardoso,andreia.cardoso@teste.com,pwd123
Danilo Monteiro,danilo.monteiro@teste.com,pwd123
Karla Cavalcanti,karla.cavalcanti@teste.com,pwd123
Edson Rocha,edson.rocha@teste.com,pwd123
Tamires Silva,tamires.silva@teste.com,pwd123
Gilberto Nunes,gilberto.nunes@teste.com,pwd123
Michelle Santana,michelle.santana@teste.com,pwd123
Cesar Borges,cesar.borges@teste.com,pwd123
Debora Moura,debora.moura@teste.com,pwd123
Arthur Ramos,arthur.ramos@teste.com,pwd123
Valeria Correia,valeria.correia@teste.com,pwd123
Willian Soares,willian.soares@teste.com,pwd123
Livia Batista,livia.batista@teste.com,pwd123
Nelson Lopes,nelson.lopes@teste.com,pwd123
Miriam Campos,miriam.campos@teste.com,pwd123
Kevin Medeiros,kevin.medeiros@teste.com,pwd123
Angelica Tavares,angelica.tavares@teste.com,pwd123
Rogerio Duarte,rogerio.duarte@teste.com,pwd123
Sandra Fernandes,sandra.fernandes@teste.com,pwd123
Evandro Vieira,evandro.vieira@teste.com,pwd123